{"branches": 71.42857142857143, "coverage": 51.24999999999999}